<?xml version="1.0" encoding="UTF-8"?>
<!DOCTYPE mapper PUBLIC "-//mybatis.org//DTD Mapper 3.0//EN" "http://mybatis.org/dtd/mybatis-3-mapper.dtd">
<mapper	namespace="egovframework.example.sample.board.service.impl.BoardMapper">

	<resultMap id="board" type="egovframework.example.sample.board.service.BoardVO">
		<result property="idx" column="idx" />
		<result property="title" column="title" />
		<result property="contents" column="contents" />
		<result property="writer" column="writer" />
		<result property="writerNm" column="writerNm" />
		<result property="indate" column="indate" />
	</resultMap>

	<insert id="insertBoard" parameterType="boardVO">

			INSERT INTO TBL_BOARD
				( IDX
				  , TITLE
				  , CONTENTS
				  , COUNT
				  , WRITER
				  , INDATE)
			VALUES (NULL
				  , #{title, jdbcType=VARCHAR}
				  , #{contents, jdbcType=VARCHAR}
				  , #{count, jdbcType=VARCHAR}
				  , #{writer, jdbcType=VARCHAR}
				  , SYSDATE() )

	</insert>

	<update id="updateBoard">

		UPDATE TBL_BOARD
		SET TITLE=#{title}
		, CONTENTS=#{contents,	jdbcType=VARCHAR}
		WHERE IDX=#{idx}
	</update>
	
	<update id="updateBoardCount">

		UPDATE TBL_BOARD
		SET COUNT = IFNULL(COUNT, 0)+1
		WHERE IDX=#{idx}
		
	</update>

	<delete id="deleteBoard">
	
		DELETE FROM TBL_BOARD WHERE IDX=#{idx}

	</delete>

	<select id="selectBoard" resultMap="board">

		SELECT
		A.IDX as idx
		, A.TITLE as title
		, A.CONTENTS as contents
		, A.COUNT as count
		, A.WRITER as writer
		, A.INDATE as indate
		, B.USER_NAME as writerNm
		FROM TBL_BOARD A LEFT JOIN TBL_USERS B 
		ON A.WRITER = B.USER_ID
		WHERE A.IDX=#{idx, jdbcType=VARCHAR}

	</select>

	
	<select id="selectBoardList" parameterType="boardVO" resultType="egovMap">

			SELECT
				A.IDX as idx
				  , A.TITLE as title
				  , A.CONTENTS as contents
				  , IFNULL(A.COUNT,0) as count
				  , A.WRITER as writer
				  , A.INDATE as indate
				  , B.USER_NAME as writerNm
				  , (SELECT COUNT(*) FROM TBL_REPLY X WHERE X.IDX=A.IDX) AS reply
			FROM TBL_BOARD A LEFT JOIN TBL_USERS B ON A.WRITER = B.USER_ID
			WHERE 1=1
			<if test="searchKeyword != null and searchKeyword != ''">
				AND ( A.TITLE LIKE CONCAT('%', #{searchKeyword}, '%'))
            	OR A.CONTENTS LIKE CONCAT('%', #{searchKeyword}, '%')
			</if>
			ORDER BY A.IDX DESC
			LIMIT #{firstIndex}, #{recordCountPerPage}
	</select>
	
	
	<select id="selectBoardListTotCnt" parameterType="boardVO" resultType="int">
	
		SELECT COUNT(*) totcnt FROM TBL_BOARD A WHERE 1=1
		<if test="searchKeyword != null and searchKeyword != ''">
			AND ( A.TITLE LIKE CONCAT('%', #{searchKeyword}, '%'))
			OR A.CONTENTS LIKE CONCAT('%', #{searchKeyword}, '%')
		</if>
	</select>

	<select id="selectLoginCheck" parameterType="boardVO" resultType="String">
		SELECT USER_NAME
		FROM TBL_USERS
		WHERE 1=1
		AND USER_ID = #{userId}
		AND PASSWORD = #{password}
	</select>
	
	<insert id="insertReply" parameterType="boardVO">
		INSERT INTO TBL_REPLY
		(IDX
		, SEQ
		, REPLY
		, WRITER
		, INDATE) VALUES(
		#{idx}
		, (SELECT IFNULL(MAX(X.SEQ)+1,1) FROM TBL_REPLY X WHERE X.IDX=#{idx})
		, #{reply, jdbcType=VARCHAR}
		, #{writer, jdbcType=VARCHAR}
		, SYSDATE())
	
	</insert>
	
	<select id="selectReplyList" parameterType="boardVO" resultType="egovMap">
			SELECT
				A.IDX as idx
				  , A.SEQ as seq
				  , A.REPLY as reply
				  , A.WRITER as writer
				  , A.INDATE as indate
			FROM TBL_REPLY A
			WHERE 1=1
			AND IDX = #{idx}
			ORDER BY A.SEQ ASC
			
	</select>
	
	<insert id="addMember" parameterType="boardVO">
	
			INSERT INTO TBL_USERS
				( user_id
				  , user_name
				  , password
				  , use_yn)
			VALUES (#{userId, jdbcType=VARCHAR}
				  , #{userName, jdbcType=VARCHAR}
				  , #{password, jdbcType=VARCHAR}
				  , 'Y' )
			
	</insert>
	
	<select id="searchIDcheck" parameterType="boardVO" resultType="int">
		<if test="userId != null and userId != ''">
			SELECT COUNT(*) totcnt FROM TBL_USERS A 
			WHERE A.user_id LIKE #{userId}
		</if>
			
	</select>
	
</mapper>